"","OBJECTID","WD11CD","WD11CDO","WD11NM","WD11NMW","Shape_Leng","Shape_Area","treeCount","treeDensity"
"0",1,"E05000001","00AAFA","Aldersgate",NA,1862.96111133,86357.5981744,140,0.00162116597680389
"1",2,"E05000002","00AAFB","Aldgate",NA,1978.61328674,112268.730196,6,5.34431982043098e-05
"2",3,"E05000003","00AAFC","Bassishaw",NA,1597.31633492,100304.493454,107,0.00106675181055938
"3",4,"E05000004","00AAFD","Billingsgate",NA,1908.51461643,121621.813519,34,0.00027955511446947
"4",5,"E05000005","00AAFE","Bishopsgate",NA,2861.89970742,252703.175192,63,0.000249304346696853
"5",6,"E05000006","00AAFF","Bread Street",NA,2015.43006951,97125.3154989,159,0.00163706031929034
"6",7,"E05000007","00AAFG","Bridge",NA,1554.04410127,94197.0747933,8,8.49283273125266e-05
"7",8,"E05000008","00AAFH","Broad Street",NA,1402.2204513,81887.6891744,11,0.000134330326217686
"8",9,"E05000009","00AAFJ","Candlewick",NA,991.310823289,43450.5628018,0,0
"9",10,"E05000010","00AAFK","Castle Baynard",NA,4183.51301436,360651.027458,161,0.000446414921189401
"10",11,"E05000011","00AAFL","Cheap",NA,1614.67119676,89080.8594999,32,0.000359224194501931
"11",12,"E05000012","00AAFM","Coleman Street",NA,2602.84072059,154036.151387,43,0.000279155247732217
"12",13,"E05000013","00AAFN","Cordwainer",NA,1103.8876904,60712.5141005,19,0.000312950308203954
"13",14,"E05000014","00AAFP","Cornhill",NA,1427.33864983,64787.56944,14,0.000216090835342533
"14",15,"E05000015","00AAFQ","Cripplegate",NA,2512.69194161,145432.834416,177,0.00121705666198649
"15",16,"E05000016","00AAFR","Dowgate",NA,1449.80094188,95747.1364438,28,0.000292436944225877
"16",17,"E05000017","00AAFS","Farringdon Within",NA,3491.81017696,231546.23134,63,0.000272083892859956
"17",18,"E05000018","00AAFT","Farringdon Without",NA,4845.17814907,343452.963125,100,0.000291160684971889
"18",19,"E05000019","00AAFU","Langbourn",NA,1605.95282872,56336.4833381,1,1.77504867313594e-05
"19",20,"E05000020","00AAFW","Lime Street",NA,1282.8331783,55108.8163661,6,0.000108875501156123
"20",21,"E05000021","00AAFX","Portsoken",NA,1981.96504325,62078.9269775,64,0.00103094565445255
"21",22,"E05000022","00AAFY","Queenhithe",NA,1339.39014876,79534.3970978,32,0.000402341642956474
"22",23,"E05000023","00AAFZ","Tower",NA,3443.0722787,197353.687237,75,0.000380028369616298
"23",24,"E05000024","00AAGA","Vintry",NA,1725.3676587,92095.0225721,16,0.00017373360202524
"24",25,"E05000025","00AAGB","Walbrook",NA,1646.00183493,71510.0563468,2,2.79680943094965e-05
"25",26,"E05000026","00ABFX","Abbey",NA,6244.86952353,1282926.12983,1084,0.000844943426429713
"26",27,"E05000027","00ABFY","Alibon",NA,6353.91609525,1364440.98031,598,0.000438274728350776
"27",28,"E05000028","00ABFZ","Becontree",NA,6341.65575039,1288084.91455,507,0.000393607590825126
"28",29,"E05000029","00ABGA","Chadwell Heath",NA,9603.34429075,3384197.62495,1515,0.000447668891681074
"29",30,"E05000030","00ABGB","Eastbrook",NA,8987.67619541,3450577.57307,681,0.000197358264109386
"30",31,"E05000031","00ABGC","Eastbury",NA,6829.47848896,1440027.97656,1403,0.000974286626943951
"31",32,"E05000032","00ABGD","Gascoigne",NA,5949.19254602,1137904.03812,611,0.000536952132628629
"32",33,"E05000033","00ABGE","Goresbrook",NA,5703.32551412,1277823.94946,551,0.000431201810099108
"33",34,"E05000034","00ABGF","Heath",NA,8064.86476664,2001296.66258,1644,0.000821467416965389
"34",35,"E05000035","00ABGG","Longbridge",NA,6376.99849539,1645286.18476,2756,0.00167508851986094
"35",36,"E05000036","00ABGH","Mayesbrook",NA,7635.24794727,1856439.73242,1250,0.000673331850295453
"36",37,"E05000037","00ABGJ","Parsloes",NA,6796.69355297,1243846.13033,659,0.000529808296963109
"37",38,"E05000038","00ABGK","River",NA,10386.5118786,3546386.01428,344,9.70001569520349e-05
"38",39,"E05000039","00ABGL","Thames",NA,13329.8562586,7888494.52817,745,9.44413407824275e-05
"39",40,"E05000040","00ABGM","Valence",NA,5791.43979747,1292829.62583,840,0.000649737585843188
"40",41,"E05000041","00ABGN","Village",NA,7862.90148443,2144790.88414,655,0.000305391077907735
"41",42,"E05000042","00ABGP","Whalebone",NA,7013.79986882,1553976.19157,495,0.000318537698763111
"42",43,"E05000043","00ACFX","Brunswick Park",NA,8411.10904888,3175247.66915,1826,0.000575073251053335
"43",44,"E05000044","00ACFY","Burnt Oak",NA,6779.84248498,2067226.90841,1230,0.000594999994917549
"44",45,"E05000045","00ACFZ","Childs Hill",NA,9327.40261349,3093000.96988,2257,0.000729712024655911
"45",46,"E05000046","00ACGA","Colindale",NA,8455.9326348,2636245.0126,2576,0.00097714741523776
"46",47,"E05000047","00ACGB","Coppetts",NA,7975.3004518,2720602.89807,1884,0.000692493565058825
"47",48,"E05000048","00ACGC","East Barnet",NA,9677.14307372,3749402.08736,1760,0.000469408177354286
"48",49,"E05000049","00ACGD","East Finchley",NA,8188.43917139,2509885.85201,1321,0.000526318756265092
"49",50,"E05000050","00ACGE","Edgware",NA,12882.6629356,5556467.2045,2214,0.000398454614867096
"50",51,"E05000051","00ACGF","Finchley Church End",NA,8223.7976234,2725662.95712,1791,0.000657087845476578
"51",52,"E05000052","00ACGG","Garden Suburb",NA,10448.1371506,4727041.92429,4209,0.000890408857674757
"52",53,"E05000053","00ACGH","Golders Green",NA,9407.98752823,2972917.88477,2163,0.000727568027044677
"53",54,"E05000054","00ACGJ","Hale",NA,15683.3346307,5423192.72165,1920,0.000354034993507001
"54",55,"E05000055","00ACGK","Hendon",NA,7781.56829326,2838695.14699,2065,0.000727446905377913
"55",56,"E05000056","00ACGL","High Barnet",NA,19783.9122863,8306624.26528,1507,0.000181421471812009
"56",57,"E05000057","00ACGM","Mill Hill",NA,14778.3011396,9389236.36837,3682,0.000392151167095285
"57",58,"E05000058","00ACGN","Oakleigh",NA,11713.8686083,3318596.3464,1765,0.000531851365986296
"58",59,"E05000059","00ACGP","Totteridge",NA,17435.7240012,8774454.55022,2132,0.000242978066361731
"59",60,"E05000060","00ACGQ","Underhill",NA,16319.7280611,4550548.3244,1663,0.000365450464744621
"60",61,"E05000061","00ACGR","West Finchley",NA,7848.14589339,2163446.69054,1666,0.000770067507224398
"61",62,"E05000062","00ACGS","West Hendon",NA,10262.7320081,3428659.51761,1831,0.000534027946079161
"62",63,"E05000063","00ACGT","Woodhouse",NA,8890.54517997,2621158.97704,1778,0.000678325891549302
"63",64,"E05000064","00ADGA","Barnehurst",NA,10243.7331084,2870509.67138,581,0.000202403080466846
"64",65,"E05000065","00ADGB","Belvedere",NA,10703.8918026,3170236.2277,130,4.10064079336699e-05
"65",66,"E05000066","00ADGC","Blackfen and Lamorbey",NA,8399.95428883,1684131.69498,1047,0.000621685348668674
"66",67,"E05000067","00ADGD","Blendon and Penhill",NA,7856.50904436,2096855.39686,1163,0.000554640058504953
"67",68,"E05000068","00ADGE","Brampton",NA,7407.0123998,1973697.98799,494,0.000250291586150857
"68",69,"E05000069","00ADGF","Christchurch",NA,8724.76777229,2547675.50962,584,0.000229228564545094
"69",70,"E05000070","00ADGG","Colyers",NA,7103.9404162,1643583.06707,353,0.000214774663398664
"70",71,"E05000071","00ADGH","Crayford",NA,10734.7573384,3967940.80642,207,5.21681169395658e-05
"71",72,"E05000072","00ADGJ","Cray Meadows",NA,14106.6936297,7190289.69368,967,0.000134486931846918
"72",73,"E05000073","00ADGK","Danson Park",NA,8665.3835144,2716319.90857,317,0.000116702012527228
"73",74,"E05000074","00ADGL","East Wickham",NA,6733.84298812,2178926.12546,535,0.000245533794718536
"74",75,"E05000075","00ADGM","Erith",NA,11358.6663433,4756888.03208,489,0.000102798299371137
"75",76,"E05000076","00ADGN","Falconwood and Welling",NA,7740.19287891,1665733.54939,611,0.000366805363451018
"76",77,"E05000077","00ADGP","Lesnes Abbey",NA,8445.23611143,2370374.87132,207,8.73279591776902e-05
"77",78,"E05000078","00ADGQ","Longlands",NA,9136.62167857,2597912.30891,1059,0.000407635006140894
"78",79,"E05000079","00ADGR","North End",NA,11627.8967525,5685537.04271,100,1.7588487991194e-05
"79",80,"E05000080","00ADGS","Northumberland Heath",NA,6892.70908079,1756305.97233,528,0.000300630988173955
"80",81,"E05000081","00ADGT","St Mary's",NA,11161.4978543,4428949.80505,606,0.000136827019196645
"81",82,"E05000082","00ADGU","St Michael's",NA,4966.82969263,1446689.9114,448,0.000309672443600479
"82",83,"E05000083","00ADGW","Sidcup",NA,9969.05848348,2703155.39003,871,0.00032221603064554
"83",84,"E05000084","00ADGX","Thamesmead East",NA,9631.7733725,4834745.73187,291,6.01893080084294e-05
"84",85,"E05000085","00AEGJ","Alperton",NA,8982.20268103,2058515.97733,1,4.85786853737787e-07
"85",86,"E05000086","00AEGK","Barnhill",NA,10081.2595317,2979037.67882,0,0
"86",87,"E05000087","00AEGL","Brondesbury Park",NA,6882.12225325,1729199.28215,0,0
"87",88,"E05000088","00AEGM","Dollis Hill",NA,7281.42554765,2299550.51491,0,0
"88",89,"E05000089","00AEGN","Dudden Hill",NA,9680.35167613,1681457.48965,1,5.94722142042542e-07
"89",90,"E05000090","00AEGP","Fryent",NA,9254.88533788,2659394.67123,26,9.7766609376257e-06
"90",91,"E05000091","00AEGQ","Harlesden",NA,5242.76711741,1113705.73435,0,0
"91",92,"E05000092","00AEGR","Kensal Green",NA,5676.91846517,1120095.91107,1,8.92780689684875e-07
"92",93,"E05000093","00AEGS","Kenton",NA,7666.3524582,2243128.79703,0,0
"93",94,"E05000094","00AEGT","Kilburn",NA,5242.03033301,943305.85598,15,1.59015232492222e-05
"94",95,"E05000095","00AEGU","Mapesbury",NA,5797.33755332,1393467.08641,0,0
"95",96,"E05000096","00AEGW","Northwick Park",NA,8748.17440683,2679936.88408,0,0
"96",97,"E05000097","00AEGX","Preston",NA,7412.09785929,2388247.7867,0,0
"97",98,"E05000098","00AEGY","Queens Park",NA,6505.78612705,1486487.17142,0,0
"98",99,"E05000099","00AEGZ","Queensbury",NA,6820.63214833,2051244.50061,58,2.82755176101791e-05
"99",100,"E05000100","00AEHA","Stonebridge",NA,11142.6796271,4050630.78123,197,4.86344005758807e-05
"100",101,"E05000101","00AEHB","Sudbury",NA,8701.5665799,2124778.03433,0,0
"101",102,"E05000102","00AEHC","Tokyngton",NA,7748.03633945,2759198.14862,1,3.62424134161865e-07
"102",103,"E05000103","00AEHD","Welsh Harp",NA,9406.79846898,2318944.24618,48,2.06990746237215e-05
"103",104,"E05000104","00AEHE","Wembley Central",NA,7604.73555991,1604256.9823,0,0
"104",105,"E05000105","00AEHF","Willesden Green",NA,7570.81940189,1548051.63,0,0
"105",106,"E05000106","00AFGD","Bickley",NA,10620.3642785,4868338.32432,2992,0.000614583416488942
"106",107,"E05000107","00AFGE","Biggin Hill",NA,16486.2412724,8280370.75414,1372,0.000165693063840906
"107",108,"E05000108","00AFGF","Bromley Common and Keston",NA,18953.602172,8321970.94544,3056,0.000367220700483007
"108",109,"E05000109","00AFGG","Bromley Town",NA,13694.9965044,3716583.87597,3649,0.000981815592424709
"109",110,"E05000110","00AFGH","Chelsfield and Pratts Bottom",NA,23221.1832515,12562935.5463,3550,0.000282577267620352
"110",111,"E05000111","00AFGJ","Chislehurst",NA,17007.1437916,10442411.0162,3592,0.000343981863424074
"111",112,"E05000112","00AFGK","Clock House",NA,9147.5522789,2267363.19284,2328,0.0010267433145859
"112",113,"E05000113","00AFGL","Copers Cope",NA,11535.3429704,3285892.72025,1835,0.000558447933702438
"113",114,"E05000114","00AFGM","Cray Valley East",NA,20243.3850513,13280060.6675,3291,0.000247815132955661
"114",115,"E05000115","00AFGN","Cray Valley West",NA,12505.2720859,3937250.55261,3363,0.000854149349918361
"115",116,"E05000116","00AFGP","Crystal Palace",NA,7809.94888868,2293773.1287,3630,0.00158254535052109
"116",117,"E05000117","00AFGQ","Darwin",NA,31531.0113256,29035300.1836,1016,3.4991888961716e-05
"117",118,"E05000118","00AFGR","Farnborough and Crofton",NA,14411.2647303,6998892.1198,3258,0.000465502245814553
"118",119,"E05000119","00AFGS","Hayes and Coney Hall",NA,16807.1866322,10821578.605,5886,0.00054391325099596
"119",120,"E05000120","00AFGT","Kelsey and Eden Park",NA,13391.1389078,5199190.7481,5409,0.00104035421319239
"120",121,"E05000121","00AFGU","Mottingham and Chislehurst North",NA,8802.52224612,2441624.56407,1705,0.0006983055565048
"121",122,"E05000122","00AFGW","Orpington",NA,9961.12252945,4256230.63641,5236,0.00123019649244736
"122",123,"E05000123","00AFGX","Penge and Cator",NA,8669.67253434,2957098.09268,2954,0.000998952319946755
"123",124,"E05000124","00AFGY","Petts Wood and Knoll",NA,13238.1117503,4301482.11238,2201,0.000511684099221086
"124",125,"E05000125","00AFGZ","Plaistow and Sundridge",NA,9896.5539544,4000906.55744,2211,0.000552624753476387
"125",126,"E05000126","00AFHA","Shortlands",NA,8765.47196118,2456254.35831,2626,0.00106910751775607
"126",127,"E05000127","00AFHB","West Wickham",NA,10304.3065999,4409381.97128,3364,0.000762918708766507
"127",128,"E05000128","00AGGD","Belsize",NA,3857.48095129,780565.107054,542,0.000694368727351262
"128",129,"E05000129","00AGGE","Bloomsbury",NA,4852.7998975,1021454.59813,803,0.000786133814919694
"129",130,"E05000130","00AGGF","Camden Town with Primrose Hill",NA,5550.57559589,1166151.56999,756,0.000648286225779196
"130",131,"E05000131","00AGGG","Cantelowes",NA,4253.09697837,759314.384679,1407,0.00185298741653132
"131",132,"E05000132","00AGGH","Fortune Green",NA,5405.2088063,1006510.94247,1341,0.00133232530657541
"132",133,"E05000133","00AGGJ","Frognal and Fitzjohns",NA,6168.70338433,1530219.21376,1251,0.000817529925610418
"133",134,"E05000134","00AGGK","Gospel Oak",NA,4414.84629059,692299.73995,1401,0.00202368991225678
"134",135,"E05000135","00AGGL","Hampstead Town",NA,8373.64972702,2449389.00911,1110,0.000453174238910061
"135",136,"E05000136","00AGGM","Haverstock",NA,4136.1408667,731766.00235,1412,0.00192957857492541
"136",137,"E05000137","00AGGN","Highgate",NA,7716.4111417,3239258.15296,2423,0.000748010774559412
"137",138,"E05000138","00AGGP","Holborn and Covent Garden",NA,5998.44164644,1194469.11332,1153,0.000965282389585271
"138",139,"E05000139","00AGGQ","Kentish Town",NA,4988.01349038,1028975.4883,1482,0.00144026754460594
"139",140,"E05000140","00AGGR","Kilburn",NA,5060.69174252,685156.432776,1394,0.00203457186316892
"140",141,"E05000141","00AGGS","King's Cross",NA,3459.79894315,609824.911092,730,0.00119706490620194
"141",142,"E05000142","00AGGT","Regent's Park",NA,5813.29373639,1349471.72314,1086,0.000804759359813198
"142",143,"E05000143","00AGGU","St Pancras and Somers Town",NA,5458.654341,1400446.19613,1697,0.00121175665633272
"143",144,"E05000144","00AGGW","Swiss Cottage",NA,6965.04783478,1256730.78558,989,0.000786962499322399
"144",145,"E05000145","00AGGX","West Hampstead",NA,5285.53387314,887291.748628,852,0.000960225316324043
"145",146,"E05000146","00AHGE","Addiscombe",NA,5313.33647575,1593691.35872,1,6.27474068000947e-07
"146",147,"E05000147","00AHGF","Ashburton",NA,9201.48973441,2714983.56411,25,9.20815887446313e-06
"147",148,"E05000148","00AHGG","Bensham Manor",NA,5778.9616796,1445924.12974,26,1.79815797143179e-05
"148",149,"E05000149","00AHGH","Broad Green",NA,9176.04502252,2658493.11319,63,2.36976352081357e-05
"149",150,"E05000150","00AHGJ","Coulsdon East",NA,14484.0354118,7742984.38196,0,0
"150",151,"E05000151","00AHGK","Coulsdon West",NA,14899.6776849,4990965.48516,78,1.56282387108237e-05
"151",152,"E05000152","00AHGL","Croham",NA,10687.7602712,3525490.63862,0,0
"152",153,"E05000153","00AHGM","Fairfield",NA,10896.8666023,3763894.06607,242,6.42951145146086e-05
"153",154,"E05000154","00AHGN","Fieldway",NA,5626.21501774,1482864.90679,0,0
"154",155,"E05000155","00AHGP","Heathfield",NA,20307.5030707,8716064.88851,76,8.71953123017268e-06
"155",156,"E05000156","00AHGQ","Kenley",NA,13736.9484119,6455281.59703,1,1.54911909722964e-07
"156",157,"E05000157","00AHGR","New Addington",NA,9324.42741636,2418069.46196,0,0
"157",158,"E05000158","00AHGS","Norbury",NA,8338.28987506,2516318.53861,109,4.33172503111109e-05
"158",159,"E05000159","00AHGT","Purley",NA,14286.3023489,4176364.23651,119,2.84936833236563e-05
"159",160,"E05000160","00AHGU","Sanderstead",NA,13642.1807543,6345998.61249,0,0
"160",161,"E05000161","00AHGW","Selhurst",NA,6796.78188404,2277079.86792,0,0
"161",162,"E05000162","00AHGX","Selsdon and Ballards",NA,15689.0279399,6405163.69896,0,0
"162",163,"E05000163","00AHGY","Shirley",NA,12122.1822944,2805551.31257,145,5.16832464798058e-05
"163",164,"E05000164","00AHGZ","South Norwood",NA,8833.58570302,2377985.43386,14,5.8873363144207e-06
"164",165,"E05000165","00AHHA","Thornton Heath",NA,5990.50952053,1681105.75751,0,0
"165",166,"E05000166","00AHHB","Upper Norwood",NA,9374.90052907,2623559.60768,0,0
"166",167,"E05000167","00AHHC","Waddon",NA,10468.5856594,3642213.22172,177,4.85968253983324e-05
"167",168,"E05000168","00AHHD","West Thornton",NA,6816.8250169,1968231.27573,76,3.86133484092589e-05
"168",169,"E05000169","00AHHE","Woodside",NA,7581.79998917,2167250.51741,3,1.38424237340783e-06
"169",170,"E05000170","00AJGC","Acton Central",NA,7592.23629096,1775273.17886,1668,0.000939573706094739
"170",171,"E05000171","00AJGD","Cleveland",NA,9251.79988237,2231107.94947,2941,0.00131817915878508
"171",172,"E05000172","00AJGE","Dormers Wells",NA,8389.65450022,2257269.97779,1652,0.000731857516489825
"172",173,"E05000173","00AJGF","Ealing Broadway",NA,6749.51463609,1856765.7387,1800,0.000969427624865887
"173",174,"E05000174","00AJGG","Ealing Common",NA,6868.09840138,2141052.30559,2020,0.000943461303921612
"174",175,"E05000175","00AJGH","East Acton",NA,13415.6699896,4275480.19163,2120,0.000495850736051855
"175",176,"E05000176","00AJGJ","Elthorne",NA,7503.37823709,1999786.57131,2248,0.00112411995972412
"176",177,"E05000177","00AJGK","Greenford Broadway",NA,11074.3173529,2516689.73564,2177,0.000865025183345385
"177",178,"E05000178","00AJGL","Greenford Green",NA,11806.6724777,3384776.34547,1587,0.000468864066046572
"178",179,"E05000179","00AJGM","Hanger Hill",NA,10696.3382835,3276733.24978,2763,0.000843217860401033
"179",180,"E05000180","00AJGN","Hobbayne",NA,6742.31217454,2209358.75879,1790,0.000810189831268118
"180",181,"E05000181","00AJGP","Lady Margaret",NA,6887.72556463,1541809.2956,972,0.000630428161752476
"181",182,"E05000182","00AJGQ","Northfield",NA,7458.62936507,1540105.18568,2253,0.0014628870943008
"182",183,"E05000183","00AJGR","North Greenford",NA,10430.0675971,3257412.81364,1365,0.00041904421640497
"183",184,"E05000184","00AJGS","Northolt Mandeville",NA,8315.70344655,2756663.4383,1978,0.000717534093033875
"184",185,"E05000185","00AJGT","Northolt West End",NA,9918.15249686,3545338.8788,1134,0.000319856588823268
"185",186,"E05000186","00AJGU","Norwood Green",NA,10637.2015057,3798231.14232,1430,0.000376491041860012
"186",187,"E05000187","00AJGW","Perivale",NA,11516.2270873,3365648.23776,1822,0.000541351879721362
"187",188,"E05000188","00AJGX","South Acton",NA,6546.62086129,1718995.20806,1821,0.00105933977677938
"188",189,"E05000189","00AJGY","Southall Broadway",NA,7250.01625109,1617195.94745,950,0.000587436545025244
"189",190,"E05000190","00AJGZ","Southall Green",NA,5958.67004665,1584231.42942,525,0.000331390976248311
"190",191,"E05000191","00AJHA","Southfield",NA,5416.0999982,1428682.44984,2083,0.0014579866927239
"191",192,"E05000192","00AJHB","Walpole",NA,5411.06537462,1465697.8775,2979,0.0020324788933062
"192",193,"E05000193","00AKGL","Bowes",NA,9299.44317877,1483363.99466,749,0.00050493338296827
"193",194,"E05000194","00AKGM","Bush Hill Park",NA,9538.82615367,2524492.87671,1937,0.000767282814644564
"194",195,"E05000195","00AKGN","Chase",NA,23737.7923524,16935430.0802,18560,0.00109592729042007
"195",196,"E05000196","00AKGP","Cockfosters",NA,19915.9024968,10412778.142,15225,0.00146214581663476
"196",197,"E05000197","00AKGQ","Edmonton Green",NA,9900.49975101,3126448.37277,2120,0.000678085721312041
"197",198,"E05000198","00AKGR","Enfield Highway",NA,10053.7970752,4636592.09125,1675,0.000361256709028092
"198",199,"E05000199","00AKGS","Enfield Lock",NA,8336.79123181,3252251.10459,2076,0.000638327095057286
"199",200,"E05000200","00AKGT","Grange",NA,9204.00033172,3285150.85901,1104,0.00033605762638434
"200",201,"E05000201","00AKGU","Haselbury",NA,7059.37743274,1796006.79205,1152,0.000641422964042129
"201",202,"E05000202","00AKGW","Highlands",NA,11847.322273,5088027.09601,3501,0.000688085958255824
"202",203,"E05000203","00AKGX","Jubilee",NA,11274.9395137,3928318.79295,1568,0.000399152941152537
"203",204,"E05000204","00AKGY","Lower Edmonton",NA,8720.17617346,2182467.77072,567,0.000259797650899911
"204",205,"E05000205","00AKGZ","Palmers Green",NA,6837.72852737,1942129.04009,905,0.000465983454916824
"205",206,"E05000206","00AKHA","Ponders End",NA,9391.86036726,3542952.098,841,0.000237372670229397
"206",207,"E05000207","00AKHB","Southbury",NA,8880.49314742,2867060.06318,1515,0.000528415856873317
"207",208,"E05000208","00AKHC","Southgate",NA,9428.89666675,2687233.66466,3409,0.00126859083555463
"208",209,"E05000209","00AKHD","Southgate Green",NA,8252.81541796,2613527.65769,2622,0.00100324172666582
"209",210,"E05000210","00AKHE","Town",NA,7284.46210945,2231375.40351,1250,0.000560192604986738
"210",211,"E05000211","00AKHF","Turkey Street",NA,6897.05020702,2261496.66824,1928,0.000852532761631334
"211",212,"E05000212","00AKHG","Upper Edmonton",NA,10144.6023812,2642413.74695,1010,0.000382226288808735
"212",213,"E05000213","00AKHH","Winchmore Hill",NA,9125.69289102,2760675.13969,3344,0.00121129790025361
"213",214,"E05000214","00ALGP","Abbey Wood",NA,7870.67457108,2652310.70683,690,0.000260150516385408
"214",215,"E05000215","00ALGQ","Blackheath Westcombe",NA,8712.29556373,2137475.456,672,0.000314389574910834
"215",216,"E05000216","00ALGR","Charlton",NA,7604.01834614,2033636.66216,757,0.000372239551971606
"216",217,"E05000217","00ALGS","Coldharbour and New Eltham",NA,7458.42924921,2549308.55274,1148,0.000450318184811239
"217",218,"E05000218","00ALGT","Eltham North",NA,8698.55702528,2550596.69515,1187,0.000465381297737635
"218",219,"E05000219","00ALGU","Eltham South",NA,10892.5825445,4630671.73285,912,0.000196947668202077
"219",220,"E05000220","00ALGW","Eltham West",NA,7858.00051095,2425676.36958,464,0.000191286853356027
"220",221,"E05000221","00ALGX","Glyndon",NA,7590.89690022,1702954.55927,646,0.00037934071492278
"221",222,"E05000222","00ALGY","Greenwich West",NA,9588.16670309,2789676.02555,310,0.000111124014817182
"222",223,"E05000223","00ALGZ","Kidbrooke with Hornfair",NA,7511.71274208,2377207.18916,909,0.000382381478628072
"223",224,"E05000224","00ALHA","Middle Park and Sutcliffe",NA,11982.3598745,3288405.76032,805,0.000244799473869904
"224",225,"E05000225","00ALHB","Peninsula",NA,9700.21624119,4490152.67544,1228,0.000273487359730552
"225",226,"E05000226","00ALHC","Plumstead",NA,9028.72639233,2346115.0128,739,0.000314988820225067
"226",227,"E05000227","00ALHD","Shooters Hill",NA,9586.93107735,3772080.55417,945,0.000250524872527162
"227",228,"E05000228","00ALHE","Thamesmead Moorings",NA,9317.24843524,4812550.28467,735,0.000152725676931983
"228",229,"E05000229","00ALHF","Woolwich Common",NA,8323.45413368,2620379.50543,285,0.000108762871716719
"229",230,"E05000230","00ALHG","Woolwich Riverside",NA,9381.11292496,3260050.39378,579,0.000177604616511616
"230",231,"E05000231","00AMGA","Brownswood",NA,3999.09792615,838529.400634,11,1.3118204312971e-05
"231",232,"E05000232","00AMGB","Cazenove",NA,3719.10125572,684627.549972,23,3.35949086489508e-05
"232",233,"E05000233","00AMGC","Chatham",NA,5076.28408232,907499.031516,22,2.42424501138564e-05
"233",234,"E05000234","00AMGD","Clissold",NA,3597.67503621,700441.726981,22,3.14087512956557e-05
"234",235,"E05000235","00AMGE","Dalston",NA,5552.15724586,926575.120599,15,1.6188649647955e-05
"235",236,"E05000236","00AMGF","De Beauvoir",NA,4690.29133742,887803.671649,44,4.95605069059489e-05
"236",237,"E05000237","00AMGG","Hackney Central",NA,4344.11822343,780319.081399,0,0
"237",238,"E05000238","00AMGH","Hackney Downs",NA,4453.9150672,1018044.63671,47,4.6166934439717e-05
"238",239,"E05000239","00AMGJ","Haggerston",NA,7323.30498485,1242534.15523,42,3.38018877171722e-05
"239",240,"E05000240","00AMGK","Hoxton",NA,4097.26162385,839611.418869,9,1.07192444001148e-05
"240",241,"E05000241","00AMGL","King's Park",NA,6204.09910941,1819561.13624,0,0
"241",242,"E05000242","00AMGM","Leabridge",NA,5073.58954492,1063609.72351,42,3.94881685185641e-05
"242",243,"E05000243","00AMGN","Lordship",NA,4894.47960968,1188045.69071,14,1.17840585673031e-05
"243",244,"E05000244","00AMGP","New River",NA,6035.27012177,977976.282426,26,2.65855118033941e-05
"244",245,"E05000245","00AMGQ","Queensbridge",NA,4964.36555514,1079719.64922,15,1.38924951590587e-05
"245",246,"E05000246","00AMGR","Springfield",NA,5306.58199328,952557.391615,8,8.39844409418001e-06
"246",247,"E05000247","00AMGS","Stoke Newington Central",NA,3973.00071567,711925.389247,59,8.28738529221338e-05
"247",248,"E05000248","00AMGT","Victoria",NA,4393.56417569,802212.116896,8,9.97242478825807e-06
"248",249,"E05000249","00AMGU","Wick",NA,6782.6515527,1627432.08516,2,1.22892993092025e-06
"249",250,"E05000250","00ANGA","Addison",NA,4051.03976376,554544.321063,17,3.06558003648636e-05
"250",251,"E05000251","00ANGB","Askew",NA,5010.63245857,761396.046209,113,0.000148411592839737
"251",252,"E05000252","00ANGC","Avonmore and Brook Green",NA,5442.26944756,893398.225385,316,0.000353705649977038
"252",253,"E05000253","00ANGD","College Park and Old Oak",NA,9016.06900272,3436567.94277,103,2.99717630249352e-05
"253",254,"E05000254","00ANGE","Fulham Broadway",NA,3719.04764424,668906.569926,19,2.84045647841115e-05
"254",255,"E05000255","00ANGF","Fulham Reach",NA,4845.21580303,881076.539169,641,0.000727519087732736
"255",256,"E05000256","00ANGG","Hammersmith Broadway",NA,5652.04259654,1103434.76442,271,0.000245596757269003
"256",257,"E05000257","00ANGH","Munster",NA,3853.87466076,623991.787986,388,0.000621803054895934
"257",258,"E05000258","00ANGJ","North End",NA,3560.27034587,638054.014136,194,0.000304049493775112
"258",259,"E05000259","00ANGK","Palace Riverside",NA,6976.41824709,1481165.23199,880,0.000594126827304613
"259",260,"E05000260","00ANGL","Parsons Green and Walham",NA,5924.03474627,897086.803343,244,0.000271991516417702
"260",261,"E05000261","00ANGM","Ravenscourt Park",NA,6402.97762114,1215021.83817,836,0.000688053476682896
"261",262,"E05000262","00ANGN","Sands End",NA,6236.48131852,1378090.21474,286,0.000207533583027168
"262",263,"E05000263","00ANGP","Shepherd's Bush Green",NA,5414.00655729,1066915.66667,267,0.000250254081310422
"263",264,"E05000264","00ANGQ","Town",NA,4000.1177586,650377.832946,30,4.61270333645555e-05
"264",265,"E05000265","00ANGR","Wormholt and White City",NA,4235.1073663,903973.749671,129,0.000142703258857256
"265",266,"E05000266","00APGA","Alexandra",NA,7989.23531409,2613870.85492,22,8.41663617713599e-06
"266",267,"E05000267","00APGB","Bounds Green",NA,6037.05999,1386201.81058,0,0
"267",268,"E05000268","00APGC","Bruce Grove",NA,4605.48518647,936575.845736,6,6.40631511829136e-06
"268",269,"E05000269","00APGD","Crouch End",NA,6483.80784614,1440391.19844,7,4.8597908731696e-06
"269",270,"E05000270","00APGE","Fortis Green",NA,10075.5693027,1990719.73608,48,2.4111882315566e-05
"270",271,"E05000271","00APGF","Harringay",NA,7027.73318613,1566078.52204,4,2.55415034666861e-06
"271",272,"E05000272","00APGG","Highgate",NA,9762.09442582,2494853.79702,18,7.21485163635627e-06
"272",273,"E05000273","00APGH","Hornsey",NA,5340.4686412,1053922.74301,0,0
"273",274,"E05000274","00APGJ","Muswell Hill",NA,7776.28001176,1653254.65707,0,0
"274",275,"E05000275","00APGK","Noel Park",NA,5053.33792367,1225628.32334,3,2.44772411248902e-06
"275",276,"E05000276","00APGL","Northumberland Park",NA,8323.51886003,1888029.51138,0,0
"276",277,"E05000277","00APGM","St Ann's",NA,5396.90340678,1093802.62561,2,1.8284834513733e-06
"277",278,"E05000278","00APGN","Seven Sisters",NA,6935.56009211,1294641.43078,46,3.55310736285887e-05
"278",279,"E05000279","00APGP","Stroud Green",NA,5312.6014394,1093740.12297,26,2.37716432393539e-05
"279",280,"E05000280","00APGQ","Tottenham Green",NA,5602.28208822,1359648.25401,25,1.83871085232705e-05
"280",281,"E05000281","00APGR","Tottenham Hale",NA,7446.61512403,1911888.55528,32,1.67373772448446e-05
"281",282,"E05000282","00APGS","West Green",NA,5315.3012243,1399139.59757,24,1.71533991615346e-05
"282",283,"E05000283","00APGT","White Hart Lane",NA,6208.75117873,1698836.96891,261,0.000153634518659125
"283",284,"E05000284","00APGU","Woodside",NA,6023.78504951,1497162.81789,2,1.33586005215882e-06
"284",285,"E05000285","00AQFY","Belmont",NA,7789.91021202,1777022.19171,1660,0.000934147028519613
"285",286,"E05000286","00AQFZ","Canons",NA,12841.0984471,5626368.43879,2183,0.000387994498359159
"286",287,"E05000287","00AQGA","Edgware",NA,5722.30035885,1403185.42555,835,0.000595074595841044
"287",288,"E05000288","00AQGB","Greenhill",NA,7346.73150281,1744880.57516,1355,0.000776557444267365
"288",289,"E05000289","00AQGC","Harrow on the Hill",NA,9647.09262068,3572087.70582,1546,0.000432800123434029
"289",290,"E05000290","00AQGD","Harrow Weald",NA,11854.473381,4589703.13785,2116,0.000461031996284065
"290",291,"E05000291","00AQGE","Hatch End",NA,9829.8000919,3278670.31926,2363,0.00072071900187974
"291",292,"E05000292","00AQGF","Headstone North",NA,10519.0499793,3296330.91399,2916,0.000884619923204629
"292",293,"E05000293","00AQGG","Headstone South",NA,6269.58004155,1467632.74313,1089,0.000742011245724253
"293",294,"E05000294","00AQGH","Kenton East",NA,5885.74371122,1279286.47286,1170,0.000914572322007289
"294",295,"E05000295","00AQGJ","Kenton West",NA,6947.813999,1764597.35958,1729,0.000979826922331713
"295",296,"E05000296","00AQGK","Marlborough",NA,7757.70534276,1646603.36693,1268,0.000770070088195512
"296",297,"E05000297","00AQGL","Pinner",NA,10715.4977446,3276849.2195,1473,0.000449517173762765
"297",298,"E05000298","00AQGM","Pinner South",NA,8273.83582457,2345612.66365,3574,0.00152369573006266
"298",299,"E05000299","00AQGN","Queensbury",NA,8488.71485383,1613610.65051,1170,0.000725081976639743
"299",300,"E05000300","00AQGP","Rayners Lane",NA,7057.84892639,1529736.70032,1305,0.000853087985482271
"300",301,"E05000301","00AQGQ","Roxbourne",NA,7146.90558568,1505754.45363,1218,0.00080889682714031
"301",302,"E05000302","00AQGR","Roxeth",NA,6420.24233782,1574927.82517,1296,0.000822894852248257
"302",303,"E05000303","00AQGS","Stanmore Park",NA,10694.8922886,4459263.62686,2569,0.000576104086898048
"303",304,"E05000304","00AQGT","Wealdstone",NA,5728.76200658,1195975.33069,821,0.000686469008960093
"304",305,"E05000305","00AQGU","West Harrow",NA,6581.08521417,1514646.16094,1832,0.0012095234169123
"305",306,"E05000306","00ARGC","Brooklands",NA,10966.4069781,4202621.16012,17,4.04509456174403e-06
"306",307,"E05000307","00ARGD","Cranham",NA,14168.655102,6555070.04891,93,1.41874914082322e-05
"307",308,"E05000308","00ARGE","Elm Park",NA,10727.3318999,3665264.85322,43,1.17317579279428e-05
"308",309,"E05000309","00ARGF","Emerson Park",NA,14016.37696,4642412.14699,28,6.03134730679567e-06
"309",310,"E05000310","00ARGG","Gooshays",NA,15759.071662,7758961.72987,27,3.47984703879561e-06
"310",311,"E05000311","00ARGH","Hacton",NA,8153.33253128,2465417.52567,0,0
"311",312,"E05000312","00ARGJ","Harold Wood",NA,16402.6915585,7589723.86668,423,5.5733252938771e-05
"312",313,"E05000313","00ARGK","Havering Park",NA,15576.5961291,9783261.12419,0,0
"313",314,"E05000314","00ARGL","Heaton",NA,11227.411257,3415651.43361,20,5.85539841771715e-06
"314",315,"E05000315","00ARGM","Hylands",NA,7707.52271616,2897747.63119,0,0
"315",316,"E05000316","00ARGN","Mawneys",NA,9271.94942513,3042643.52612,23,7.55921612321844e-06
"316",317,"E05000317","00ARGP","Pettits",NA,10645.0578538,3954583.99688,87,2.19997855825438e-05
"317",318,"E05000318","00ARGQ","Rainham and Wennington",NA,20754.666317,16884347.2933,0,0
"318",319,"E05000319","00ARGR","Romford Town",NA,10468.0075784,2864698.99016,0,0
"319",320,"E05000320","00ARGS","St Andrew's",NA,8825.61938894,2677112.23701,0,0
"320",321,"E05000321","00ARGT","South Hornchurch",NA,13300.9399264,6866896.93867,0,0
"321",322,"E05000322","00ARGU","Squirrel's Heath",NA,9100.10816748,2651475.06062,22,8.29726831174094e-06
"322",323,"E05000323","00ARGW","Upminster",NA,26135.0467929,22539374.6043,0,0
"323",324,"E05000324","00ASGG","Barnhill",NA,6737.5592674,2117590.2897,828,0.000391010482067729
"324",325,"E05000325","00ASGH","Botwell",NA,11200.1478408,4364117.06212,853,0.000195457635039984
"325",326,"E05000326","00ASGJ","Brunel",NA,11192.1245083,3277691.88119,1070,0.00032644923280828
"326",327,"E05000327","00ASGK","Cavendish",NA,6530.19610533,2011438.69533,946,0.000470310132838964
"327",328,"E05000328","00ASGL","Charville",NA,7953.95099277,2967288.64255,779,0.000262529229151488
"328",329,"E05000329","00ASGM","Eastcote and East Ruislip",NA,11697.4140893,4063443.92633,1578,0.000388340537879841
"329",330,"E05000330","00ASGN","Harefield",NA,20686.3125393,15227017.636,869,5.70696127614798e-05
"330",331,"E05000331","00ASGP","Heathrow Villages",NA,22376.2677713,23528350.0949,1069,4.54345500506467e-05
"331",332,"E05000332","00ASGQ","Hillingdon East",NA,10618.8459317,3596347.18647,276,7.67445370784375e-05
"332",333,"E05000333","00ASGR","Ickenham",NA,11710.055812,6204430.29797,1999,0.000322189130023722
"333",334,"E05000334","00ASGS","Manor",NA,6581.22918179,1974144.43153,650,0.000329256557735464
"334",335,"E05000335","00ASGT","Northwood",NA,13547.0995434,7397930.00915,1398,0.000188971779709787
"335",336,"E05000336","00ASGU","Northwood Hills",NA,10721.4817965,3329098.96547,1228,0.000368868577574204
"336",337,"E05000337","00ASGW","Pinkwell",NA,7590.7214783,2742743.85044,729,0.000265792228421779
"337",338,"E05000338","00ASGX","South Ruislip",NA,16506.1446061,7419786.33715,1131,0.000152430265321094
"338",339,"E05000339","00ASGY","Townfield",NA,8518.72541792,3502231.89516,1036,0.000295811365726488
"339",340,"E05000340","00ASGZ","Uxbridge North",NA,9900.48334926,4640436.28777,1650,0.000355570014902838
"340",341,"E05000341","00ASHA","Uxbridge South",NA,10073.7206304,3113386.17019,759,0.000243786012562554
"341",342,"E05000342","00ASHB","West Drayton",NA,10333.2795605,3489997.51233,861,0.000246705046910653
"342",343,"E05000343","00ASHC","West Ruislip",NA,13083.537116,4387401.49563,1092,0.000248894476852679
"343",344,"E05000344","00ASHD","Yeading",NA,6599.15820938,2326640.76019,831,0.000357167300692836
"344",345,"E05000345","00ASHE","Yiewsley",NA,10686.0099679,4019625.56426,754,0.000187579660827503
"345",346,"E05000346","00ATFY","Bedfont",NA,12336.1090789,4444861.07403,1448,0.000325769461829875
"346",347,"E05000347","00ATFZ","Brentford",NA,11883.4038754,3183527.75299,4625,0.0014527908530538
"347",348,"E05000348","00ATGA","Chiswick Homefields",NA,9662.60755459,2259244.88551,2547,0.00112736782821956
"348",349,"E05000349","00ATGB","Chiswick Riverside",NA,6554.06115464,2080063.96689,2070,0.000995161703171171
"349",350,"E05000350","00ATGC","Cranford",NA,9474.37475337,2720946.13131,1236,0.000454253755990412
"350",351,"E05000351","00ATGD","Feltham North",NA,8809.39850688,3384310.79447,1464,0.000432584383913064
"351",352,"E05000352","00ATGE","Feltham West",NA,9494.36161189,3182856.57174,1078,0.000338689468312515
"352",353,"E05000353","00ATGF","Hanworth",NA,12219.7213885,3234362.38221,940,0.00029062915311164
"353",354,"E05000354","00ATGG","Hanworth Park",NA,8463.91264156,3657928.60783,2805,0.000766827431784036
"354",355,"E05000355","00ATGH","Heston Central",NA,7199.51306461,1684647.02205,1100,0.000652955773880257
"355",356,"E05000356","00ATGJ","Heston East",NA,12334.1748857,2060858.89651,2147,0.00104179864212291
"356",357,"E05000357","00ATGK","Heston West",NA,8443.65316082,3829710.68942,1356,0.000354073743414638
"357",358,"E05000358","00ATGL","Hounslow Central",NA,5734.91239768,1735391.10373,1118,0.000644235179951441
"358",359,"E05000359","00ATGM","Hounslow Heath",NA,7645.12099811,2785302.40763,1444,0.000518435626969245
"359",360,"E05000360","00ATGN","Hounslow South",NA,7037.99652097,1787242.63357,1415,0.000791722384761769
"360",361,"E05000361","00ATGP","Hounslow West",NA,6479.98615899,1620736.43761,897,0.000553452109289364
"361",362,"E05000362","00ATGQ","Isleworth",NA,7731.34731156,2032320.33779,1386,0.000681979102519651
"362",363,"E05000363","00ATGR","Osterley and Spring Grove",NA,12280.1690545,6277862.1546,1994,0.000317624049539609
"363",364,"E05000364","00ATGS","Syon",NA,9104.25264744,2853762.10195,1408,0.000493383803448114
"364",365,"E05000365","00ATGT","Turnham Green",NA,7222.00976025,1769510.98554,1793,0.00101327429704859
"365",366,"E05000366","00AUFX","Barnsbury",NA,4345.28810478,830103.071991,1684,0.00202866373685072
"366",367,"E05000367","00AUFY","Bunhill",NA,6479.78201374,1083502.84121,1951,0.00180064133270575
"367",368,"E05000368","00AUFZ","Caledonian",NA,5271.39843971,1136133.89053,2444,0.00215115491259066
"368",369,"E05000369","00AUGA","Canonbury",NA,3837.83839613,807227.19641,2392,0.00296323019173244
"369",370,"E05000370","00AUGB","Clerkenwell",NA,5294.28687606,932631.839106,2097,0.00224847567074549
"370",371,"E05000371","00AUGC","Finsbury Park",NA,4688.79494753,916268.649585,2059,0.00224715753498825
"371",372,"E05000372","00AUGD","Highbury East",NA,5335.40876001,1008083.66011,2944,0.00292039253932491
"372",373,"E05000373","00AUGE","Highbury West",NA,4899.25001979,1082544.64127,2287,0.00211261495628886
"373",374,"E05000374","00AUGF","Hillrise",NA,4484.24152114,824700.900807,3710,0.00449860063976601
"374",375,"E05000375","00AUGG","Holloway",NA,4398.64370188,1008709.55274,2123,0.00210466927195703
"375",376,"E05000376","00AUGH","Junction",NA,4861.57985084,1027499.02348,2317,0.0022549899776521
"376",377,"E05000377","00AUGJ","Mildmay",NA,4477.17090532,826791.819244,2368,0.00286408252339917
"377",378,"E05000378","00AUGK","St George's",NA,4362.4640979,845825.822652,1863,0.00220258113444563
"378",379,"E05000379","00AUGL","St Mary's",NA,5253.84926135,868306.112493,2042,0.00235170520005392
"379",380,"E05000380","00AUGM","St Peter's",NA,4269.41993163,809642.149659,1674,0.0020675801039916
"380",381,"E05000381","00AUGN","Tollington",NA,4583.66452979,848682.668804,2236,0.00263467145281032
"381",382,"E05000382","00AWFY","Abingdon",NA,3629.62696759,630129.517241,443,0.000703030072195025
"382",383,"E05000383","00AWFZ","Brompton",NA,5827.60872237,955057.266439,208,0.000217787987493994
"383",384,"E05000384","00AWGA","Campden",NA,4082.21526174,911775.459979,440,0.000482574953277814
"384",385,"E05000385","00AWGB","Colville",NA,3031.18563147,390778.917296,279,0.000713958680088566
"385",386,"E05000386","00AWGC","Courtfield",NA,3968.36202314,481475.151244,156,0.00032400425981779
"386",387,"E05000387","00AWGD","Cremorne",NA,3749.32291734,612195.894818,389,0.000635417524508848
"387",388,"E05000388","00AWGE","Earl's Court",NA,2780.03703394,459349.623641,336,0.000731468978542543
"388",389,"E05000389","00AWGF","Golborne",NA,5620.49387938,942706.854289,462,0.00049007811696327
"389",390,"E05000390","00AWGG","Hans Town",NA,3377.41931873,552342.78205,313,0.000566677089247473
"390",391,"E05000391","00AWGH","Holland",NA,4428.52099549,1036929.01449,591,0.000569952225988346
"391",392,"E05000392","00AWGJ","Norland",NA,5118.4883867,727461.188265,577,0.000793169462929337
"392",393,"E05000393","00AWGK","Notting Barns",NA,4826.83411338,623524.160773,590,0.000946234383715155
"393",394,"E05000394","00AWGL","Pembridge",NA,2887.79190217,487973.331682,459,0.000940625173955398
"394",395,"E05000395","00AWGM","Queen's Gate",NA,3378.83942954,604779.031163,115,0.00019015209535062
"395",396,"E05000396","00AWGN","Redcliffe",NA,3665.30996668,694349.224107,418,0.000602002544952014
"396",397,"E05000397","00AWGP","Royal Hospital",NA,4209.11881587,901408.170067,518,0.000574656428906643
"397",398,"E05000398","00AWGQ","St Charles",NA,3732.32790659,709241.541818,633,0.000892502712650163
"398",399,"E05000399","00AWGR","Stanley",NA,4413.02646452,662477.185427,259,0.000390956859642012
"399",400,"E05000400","00AXFX","Alexandra",NA,7353.10366588,2677025.11192,74,2.76426245201246e-05
"400",401,"E05000401","00AXFY","Berrylands",NA,5865.25556965,1451721.38407,0,0
"401",402,"E05000402","00AXFZ","Beverley",NA,8037.70284612,1879886.45395,0,0
"402",403,"E05000403","00AXGA","Canbury",NA,5453.34348072,1241856.74613,0,0
"403",404,"E05000404","00AXGB","Chessington North and Hook",NA,7364.16366231,1929803.844,39,2.02093078636244e-05
"404",405,"E05000405","00AXGC","Chessington South",NA,13255.5712168,7551782.76801,91,1.20501347556342e-05
"405",406,"E05000406","00AXGD","Coombe Hill",NA,11299.402075,4421826.43903,64,1.44736571826648e-05
"406",407,"E05000407","00AXGE","Coombe Vale",NA,5301.11548426,1646964.85692,0,0
"407",408,"E05000408","00AXGF","Grove",NA,8226.42803235,1919943.0619,0,0
"408",409,"E05000409","00AXGG","Norbiton",NA,5310.16698279,1348242.45196,0,0
"409",410,"E05000410","00AXGH","Old Malden",NA,7272.70829009,1805561.51662,2,1.1076886506376e-06
"410",411,"E05000411","00AXGJ","St James",NA,7725.24861467,2168055.43229,17,7.84112792818059e-06
"411",412,"E05000412","00AXGK","St Mark's",NA,6933.03155071,1375931.69772,0,0
"412",413,"E05000413","00AXGL","Surbiton Hill",NA,6067.57703631,1664835.40655,0,0
"413",414,"E05000414","00AXGM","Tolworth and Hook Rise",NA,8081.17661698,2594666.26806,53,2.04265190680947e-05
"414",415,"E05000415","00AXGN","Tudor",NA,7946.98742557,1583071.71606,0,0
"415",416,"E05000416","00AYFZ","Bishop's",NA,5703.22966475,1539607.90721,491,0.000318912365738973
"416",417,"E05000417","00AYGA","Brixton Hill",NA,5520.92384125,1129619.07171,792,0.000701121307022829
"417",418,"E05000418","00AYGB","Clapham Common",NA,4792.1312345,1339497.39382,545,0.000406869026033254
"418",419,"E05000419","00AYGC","Clapham Town",NA,4831.12380707,1118794.59924,187,0.000167144174745558
"419",420,"E05000420","00AYGD","Coldharbour",NA,4854.91442938,1208058.09133,633,0.000523981424849093
"420",421,"E05000421","00AYGE","Ferndale",NA,5345.2825164,853664.489596,382,0.00044748259375193
"421",422,"E05000422","00AYGF","Gipsy Hill",NA,6063.46099596,1570644.92346,724,0.000460957145170475
"422",423,"E05000423","00AYGG","Herne Hill",NA,8470.68956793,2031840.90902,1478,0.000727419156407519
"423",424,"E05000424","00AYGH","Knight's Hill",NA,5740.27608729,1471654.8481,511,0.000347228156560016
"424",425,"E05000425","00AYGJ","Larkhall",NA,5277.80257935,1059324.42856,400,0.000377599146410798
"425",426,"E05000426","00AYGK","Oval",NA,6533.25939896,1277399.3947,415,0.000324878813721448
"426",427,"E05000427","00AYGL","Prince's",NA,5627.15833791,1163842.5504,492,0.000422737594384466
"427",428,"E05000428","00AYGM","St Leonard's",NA,6850.80279114,1444680.27867,388,0.000268571534980616
"428",429,"E05000429","00AYGN","Stockwell",NA,5392.9817397,867644.187846,292,0.000336543486476197
"429",430,"E05000430","00AYGP","Streatham Hill",NA,5394.30798195,1271051.4321,461,0.000362691853654595
"430",431,"E05000431","00AYGQ","Streatham South",NA,7173.15673777,1699277.1239,1345,0.0007915130387376
"431",432,"E05000432","00AYGR","Streatham Wells",NA,6536.82358829,1451362.3411,325,0.000223927540901007
"432",433,"E05000433","00AYGS","Thornton",NA,4744.5544371,1077580.35771,471,0.000437090372542995
"433",434,"E05000434","00AYGT","Thurlow Park",NA,5720.10748843,1514667.05103,526,0.000347271038634209
"434",435,"E05000435","00AYGU","Tulse Hill",NA,5819.87535412,1029416.12784,566,0.000549826241002062
"435",436,"E05000436","00AYGW","Vassall",NA,4476.52775745,1129710.7412,606,0.000536420499421537
"436",437,"E05000437","00AZGD","Bellingham",NA,10320.4073504,3085052.64992,2090,0.000677460075127404
"437",438,"E05000438","00AZGE","Blackheath",NA,8833.99746005,2315914.77618,11,4.74974300136258e-06
"438",439,"E05000439","00AZGF","Brockley",NA,5988.16031529,1683070.24018,40,2.3766090710245e-05
"439",440,"E05000440","00AZGG","Catford South",NA,6667.13883165,1867585.06055,29,1.55280745238515e-05
"440",441,"E05000441","00AZGH","Crofton Park",NA,6760.34102852,1721275.52102,11,6.39060967615219e-06
"441",442,"E05000442","00AZGJ","Downham",NA,9055.13150945,2381405.69857,185,7.76852092487073e-05
"442",443,"E05000443","00AZGK","Evelyn",NA,6823.3425885,1776761.40875,2336,0.00131475165347969
"443",444,"E05000444","00AZGL","Forest Hill",NA,6992.37173292,1827837.73924,1635,0.000894499530724597
"444",445,"E05000445","00AZGM","Grove Park",NA,10246.6882768,2399686.67231,61,2.54199853270819e-05
"445",446,"E05000446","00AZGN","Ladywell",NA,6427.01361871,1609433.54847,5,3.1066830965112e-06
"446",447,"E05000447","00AZGP","Lee Green",NA,6774.16899045,1809298.51019,72,3.97944283897071e-05
"447",448,"E05000448","00AZGQ","Lewisham Central",NA,9770.44074837,2056343.82014,142,6.9054600018123e-05
"448",449,"E05000449","00AZGR","New Cross",NA,8031.01306085,1813879.3839,2152,0.0011864074420185
"449",450,"E05000450","00AZGS","Perry Vale",NA,5525.75692439,1684477.37416,1953,0.00115941005201636
"450",451,"E05000451","00AZGT","Rushey Green",NA,7664.46583251,1780701.39377,126,7.07586350186758e-05
"451",452,"E05000452","00AZGU","Sydenham",NA,7548.3750846,1743705.48614,1758,0.00100819777993686
"452",453,"E05000453","00AZGW","Telegraph Hill",NA,6401.21691151,1539623.20267,1952,0.00126784267514996
"453",454,"E05000454","00AZGX","Whitefoot",NA,8669.71431868,2223672.85061,2,8.99412878760115e-07
"454",455,"E05000455","00BAFX","Abbey",NA,5370.57290513,1392558.52942,550,0.000394956469245668
"455",456,"E05000456","00BAFY","Cannon Hill",NA,6639.74733689,2224483.09972,2026,0.000910773383823297
"456",457,"E05000457","00BAFZ","Colliers Wood",NA,5822.15924148,1110916.32447,554,0.000498687423883357
"457",458,"E05000458","00BAGA","Cricket Green",NA,11401.4199248,2995043.08629,1766,0.000589640933073028
"458",459,"E05000459","00BAGB","Dundonald",NA,5776.42808561,1151148.63553,879,0.000763585146926784
"459",460,"E05000460","00BAGC","Figge's Marsh",NA,7104.38108039,1143085.51921,684,0.000598380426051065
"460",461,"E05000461","00BAGD","Graveney",NA,5349.04916368,882521.736988,220,0.00024928564451027
"461",462,"E05000462","00BAGE","Hillside",NA,6240.02372708,1184154.1852,515,0.000434909580555891
"462",463,"E05000463","00BAGF","Lavender Fields",NA,5553.49457679,1179416.36424,593,0.000502791056642391
"463",464,"E05000464","00BAGG","Longthornton",NA,7961.52545111,1483418.48105,180,0.000121341349254308
"464",465,"E05000465","00BAGH","Lower Morden",NA,6574.43594834,1807963.8436,1172,0.000648243052064724
"465",466,"E05000466","00BAGJ","Merton Park",NA,6249.21567358,1815704.04412,1736,0.000956102953901628
"466",467,"E05000467","00BAGK","Pollards Hill",NA,7082.03843816,2162826.19368,167,7.7213786520272e-05
"467",468,"E05000468","00BAGL","Ravensbury",NA,7383.41554495,1839548.92419,1178,0.000640374379016013
"468",469,"E05000469","00BAGM","Raynes Park",NA,7024.22870157,1854649.49584,926,0.000499285715212449
"469",470,"E05000470","00BAGN","St Helier",NA,8001.6177849,1845283.42473,1891,0.00102477482572565
"470",471,"E05000471","00BAGP","Trinity",NA,5153.6235907,1076007.36993,645,0.000599438273397797
"471",472,"E05000472","00BAGQ","Village",NA,12464.0731731,6216596.68176,483,7.76952446368845e-05
"472",473,"E05000473","00BAGR","West Barnes",NA,7028.09965489,1947057.17898,265,0.000136102833989525
"473",474,"E05000474","00BAGS","Wimbledon Park",NA,9415.69212772,2312356.53044,1340,0.000579495411869006
"474",475,"E05000475","00BBGB","Beckton",NA,11684.1457494,6251643.62117,2578,0.000412371554778913
"475",476,"E05000476","00BBGC","Boleyn",NA,5199.39186263,917197.607827,1458,0.00158962473031939
"476",477,"E05000477","00BBGD","Canning Town North",NA,6920.02087467,2522740.37798,2104,0.000834013685418009
"477",478,"E05000478","00BBGE","Canning Town South",NA,8866.16149546,1808743.02338,1294,0.000715413955029439
"478",479,"E05000479","00BBGF","Custom House",NA,6858.05853686,2063426.26859,2504,0.00121351561628545
"479",480,"E05000480","00BBGG","East Ham Central",NA,5199.47984055,1033573.24307,1465,0.00141741285372309
"480",481,"E05000481","00BBGH","East Ham North",NA,5070.31315176,904627.812871,1152,0.00127345189215143
"481",482,"E05000482","00BBGJ","East Ham South",NA,7056.21846056,1809384.65072,1973,0.00109042596288485
"482",483,"E05000483","00BBGK","Forest Gate North",NA,6406.29030862,1247684.06589,1448,0.00116055020624309
"483",484,"E05000484","00BBGL","Forest Gate South",NA,6124.25108354,1192014.01533,933,0.000782708917845415
"484",485,"E05000485","00BBGM","Green Street East",NA,4325.02209434,746307.675264,874,0.00117109876926732
"485",486,"E05000486","00BBGN","Green Street West",NA,4853.94622963,800400.935836,746,0.000932032893259997
"486",487,"E05000487","00BBGP","Little Ilford",NA,7270.0264963,1899622.75469,1767,0.000930184688317409
"487",488,"E05000488","00BBGQ","Manor Park",NA,6226.07343609,1334859.54841,961,0.00071992592864186
"488",489,"E05000489","00BBGR","Plaistow North",NA,5899.10884265,981763.616752,1247,0.00127016318258048
"489",490,"E05000490","00BBGS","Plaistow South",NA,5416.33269097,1385681.24656,1424,0.00102765336799192
"490",491,"E05000491","00BBGT","Royal Docks",NA,11375.2567546,4730543.37759,1436,0.000303559207763472
"491",492,"E05000492","00BBGU","Stratford and New Town",NA,10311.3655909,4232622.57097,1296,0.000306193141076102
"492",493,"E05000493","00BBGW","Wall End",NA,5625.88886664,1374978.13532,1203,0.000874923003565257
"493",494,"E05000494","00BBGX","West Ham",NA,5554.11823229,1335898.71133,1552,0.00116176472574364
"494",495,"E05000495","00BCFY","Aldborough",NA,14830.2844699,8599740.18261,2218,0.00025791476868933
"495",496,"E05000496","00BCFZ","Barkingside",NA,5830.58197651,1529226.65641,2332,0.00152495379949687
"496",497,"E05000497","00BCGA","Bridge",NA,8176.68477901,2578580.40188,2528,0.000980384399935661
"497",498,"E05000498","00BCGB","Chadwell",NA,6816.81550529,1512625.86091,537,0.000355011780422779
"498",499,"E05000499","00BCGC","Church End",NA,6643.53087104,1484959.82837,1830,0.00123235656953456
"499",500,"E05000500","00BCGD","Clayhall",NA,7933.19309558,2493910.10634,3689,0.00147920327625181
"500",501,"E05000501","00BCGE","Clementswood",NA,6092.44656065,1272162.29207,803,0.000631208773439345
"501",502,"E05000502","00BCGF","Cranbrook",NA,8114.76750843,2400780.69145,4637,0.00193145505396784
"502",503,"E05000503","00BCGG","Fairlop",NA,13039.0572274,3595682.07951,1539,0.000428013368802409
"503",504,"E05000504","00BCGH","Fullwell",NA,7846.96631648,2187885.78315,2506,0.00114539799988059
"504",505,"E05000505","00BCGJ","Goodmayes",NA,9125.14140875,1640392.28151,909,0.000554135745602565
"505",506,"E05000506","00BCGK","Hainault",NA,13663.4095377,5652893.83725,2866,0.000506996961643657
"506",507,"E05000507","00BCGL","Loxford",NA,6961.51919144,1288241.2632,911,0.00070716567309333
"507",508,"E05000508","00BCGM","Mayfield",NA,6838.70709074,1882150.26968,2155,0.0011449670277128
"508",509,"E05000509","00BCGN","Monkhams",NA,9518.83762077,3076732.95672,2295,0.000745921089762935
"509",510,"E05000510","00BCGP","Newbury",NA,10003.4500728,2120206.12813,2013,0.00094943598798161
"510",511,"E05000511","00BCGQ","Roding",NA,8457.29760287,2362939.93816,2022,0.000855713667255492
"511",512,"E05000512","00BCGR","Seven Kings",NA,8665.332971,2083353.81212,1149,0.000551514578709426
"512",513,"E05000513","00BCGS","Snaresbrook",NA,9110.2253542,1985166.17827,2195,0.00110570088490038
"513",514,"E05000514","00BCGT","Valentines",NA,7221.85259606,1503242.01477,530,0.000352571305742579
"514",515,"E05000515","00BCGU","Wanstead",NA,13355.4418919,5191341.29418,2808,0.000540900673036545
"515",516,"E05000516","00BDFW","Barnes",NA,7399.66314522,3009850.01716,1601,0.000531920192323855
"516",517,"E05000517","00BDFX","East Sheen",NA,11930.6726266,5833173.99042,1577,0.000270350242009727
"517",518,"E05000518","00BDFY","Fulwell and Hampton Hill",NA,7820.18131446,1917691.25088,804,0.00041925414199421
"518",519,"E05000519","00BDFZ","Ham, Petersham and Richmond Riverside",NA,17048.6430091,9434673.14942,1609,0.000170541149069445
"519",520,"E05000520","00BDGA","Hampton",NA,18888.7337206,6876415.93454,1319,0.000191815040357368
"520",521,"E05000521","00BDGB","Hampton North",NA,6200.06549422,1949417.01427,1307,0.000670456854755346
"521",522,"E05000522","00BDGC","Hampton Wick",NA,10046.4092963,2745890.90194,956,0.00034815658528983
"522",523,"E05000523","00BDGD","Heathfield",NA,8367.90992353,1913260.68626,1608,0.000840450029388606
"523",524,"E05000524","00BDGE","Kew",NA,8591.5066946,3574248.62524,3034,0.000848849735456714
"524",525,"E05000525","00BDGF","Mortlake and Barnes Common",NA,7909.80134846,1937060.22642,1155,0.000596264372291731
"525",526,"E05000526","00BDGG","North Richmond",NA,10173.7390083,2802508.0519,1405,0.000501336650591032
"526",527,"E05000527","00BDGH","St Margarets and North Twickenham",NA,8708.74512195,2006527.87358,1289,0.000642403236443387
"527",528,"E05000528","00BDGJ","South Richmond",NA,8963.37730498,2689431.46822,975,0.000362530152383277
"528",529,"E05000529","00BDGK","South Twickenham",NA,6585.43878818,1726779.7339,826,0.000478347054800063
"529",530,"E05000530","00BDGL","Teddington",NA,12278.3358753,4296749.6122,925,0.00021527900936332
"530",531,"E05000531","00BDGM","Twickenham Riverside",NA,7574.61389063,1964302.5909,975,0.000496359371776424
"531",532,"E05000532","00BDGN","West Twickenham",NA,6875.58401436,2456033.66863,1285,0.000523201296630101
"532",533,"E05000533","00BDGP","Whitton",NA,6799.80047874,1627066.47707,785,0.000482463384908961
"533",534,"E05000534","00BEGC","Brunswick Park",NA,5016.66225166,934391.753692,1773,0.00189749106088487
"534",535,"E05000535","00BEGD","Camberwell Green",NA,5077.19910773,974637.887261,1548,0.00158828219200443
"535",536,"E05000536","00BEGE","Cathedrals",NA,6910.54867206,1769949.57797,1960,0.00110737617861102
"536",537,"E05000537","00BEGF","Chaucer",NA,4376.89474711,820865.492232,1746,0.00212702326570179
"537",538,"E05000538","00BEGG","College",NA,9479.64176637,3233080.39445,2002,0.000619223698682594
"538",539,"E05000539","00BEGH","East Dulwich",NA,5211.7260159,1018446.3645,1179,0.00115764564644438
"539",540,"E05000540","00BEGJ","East Walworth",NA,6870.03196646,1145339.31675,3009,0.00262716904587648
"540",541,"E05000541","00BEGK","Faraday",NA,4525.55283626,877940.812719,2348,0.00267443996903659
"541",542,"E05000542","00BEGL","Grange",NA,6271.55084219,1215201.8226,1839,0.0015133288691587
"542",543,"E05000543","00BEGM","Livesey",NA,7565.60639222,1437778.26392,1693,0.00117751119381467
"543",544,"E05000544","00BEGN","Newington",NA,4498.36235394,833605.482736,1706,0.00204653164516274
"544",545,"E05000545","00BEGP","Nunhead",NA,7182.90798681,1328405.65455,1458,0.00109755630367944
"545",546,"E05000546","00BEGQ","Peckham",NA,5145.00200188,870185.683611,1870,0.00214896663460452
"546",547,"E05000547","00BEGR","Peckham Rye",NA,7276.528038,2253331.68255,6605,0.00293121516513165
"547",548,"E05000548","00BEGS","Riverside",NA,6247.27711092,1324359.46719,1859,0.00140369744472027
"548",549,"E05000549","00BEGT","Rotherhithe",NA,6649.1228054,1492380.80524,3746,0.00251008320854888
"549",550,"E05000550","00BEGU","South Bermondsey",NA,4480.84822887,973619.407276,1315,0.00135063043132417
"550",551,"E05000551","00BEGW","South Camberwell",NA,6303.71598959,1331489.85788,1628,0.00122269049993884
"551",552,"E05000552","00BEGX","Surrey Docks",NA,6825.17182812,1900620.06466,4473,0.00235344248077415
"552",553,"E05000553","00BEGY","The Lane",NA,6214.34409495,1389583.85462,2092,0.00150548669160025
"553",554,"E05000554","00BEGZ","Village",NA,7950.6198184,2788223.9204,5745,0.00206045144292357
"554",555,"E05000555","00BFGC","Beddington North",NA,11915.0400297,4988083.12347,1516,0.000303924365826977
"555",556,"E05000556","00BFGD","Beddington South",NA,10807.1269697,3060500.35171,1417,0.000462996189235512
"556",557,"E05000557","00BFGE","Belmont",NA,8978.65431947,2331627.03507,1457,0.000624885531897716
"557",558,"E05000558","00BFGF","Carshalton Central",NA,8502.49696904,2024960.89338,1744,0.000861251200306482
"558",559,"E05000559","00BFGG","Carshalton South and Clockhouse",NA,15463.1044339,7052580.60216,1907,0.000270397476834222
"559",560,"E05000560","00BFGH","Cheam",NA,12492.3610423,3934243.03935,1627,0.000413548421822897
"560",561,"E05000561","00BFGJ","Nonsuch",NA,8665.97714943,1905656.08122,1226,0.000643347985020645
"561",562,"E05000562","00BFGK","St Helier",NA,6462.1100397,1497744.23823,707,0.000472043211351188
"562",563,"E05000563","00BFGL","Stonecot",NA,6443.1228691,1981241.11009,1487,0.000750539645287167
"563",564,"E05000564","00BFGM","Sutton Central",NA,6459.301031,1309339.55837,769,0.000587318999933584
"564",565,"E05000565","00BFGN","Sutton North",NA,6073.06127141,1872534.95834,1071,0.000571951938854048
"565",566,"E05000566","00BFGP","Sutton South",NA,6205.22370577,1271602.49055,1004,0.000789554917871322
"566",567,"E05000567","00BFGQ","Sutton West",NA,7996.19204372,1779456.94889,1033,0.000580514184758736
"567",568,"E05000568","00BFGR","The Wrythe",NA,7077.55270528,1484756.70535,801,0.000539482325358169
"568",569,"E05000569","00BFGS","Wallington North",NA,6869.4064058,1619413.129,1344,0.000829930285193994
"569",570,"E05000570","00BFGT","Wallington South",NA,6606.68535897,1719346.04601,1316,0.000765407291363756
"570",571,"E05000571","00BFGU","Wandle Valley",NA,8307.9142121,2055492.16933,714,0.000347362062794294
"571",572,"E05000572","00BFGW","Worcester Park",NA,6596.89104046,1958403.58984,931,0.000475387200485944
"572",573,"E05000573","00BGFW","Bethnal Green North",NA,4446.54791359,825466.242516,657,0.000795913831673594
"573",574,"E05000574","00BGFX","Bethnal Green South",NA,3858.47169709,881380.591292,1085,0.00123102325001807
"574",575,"E05000575","00BGFY","Blackwall and Cubitt Town",NA,11144.0844028,2967347.92093,1337,0.000450570689929146
"575",576,"E05000576","00BGFZ","Bow East",NA,6947.69229339,1866892.07125,633,0.000339066199778896
"576",577,"E05000577","00BGGA","Bow West",NA,6150.46514591,1345356.29097,947,0.000703902755240078
"577",578,"E05000578","00BGGB","Bromley-by-Bow",NA,4574.41252178,1073957.75383,224,0.000208574312350761
"578",579,"E05000579","00BGGC","East India and Lansbury",NA,5609.64963149,1224299.96193,504,0.000411663820689051
"579",580,"E05000580","00BGGD","Limehouse",NA,6181.54278191,1141992.9432,1163,0.00101839508459221
"580",581,"E05000581","00BGGE","Mile End and Globe Town",NA,4268.53394751,899839.52575,789,0.000876823008345498
"581",582,"E05000582","00BGGF","Mile End East",NA,5164.28579278,1070140.87008,261,0.000243893124069098
"582",583,"E05000583","00BGGG","Millwall",NA,8212.21108267,2458209.27316,548,0.000222926504257144
"583",584,"E05000584","00BGGH","St Dunstan's and Stepney Green",NA,4768.19263857,1018169.51212,922,0.000905546659000562
"584",585,"E05000585","00BGGJ","St Katharine's and Wapping",NA,5884.74811741,1509093.56582,1159,0.000768010696118788
"585",586,"E05000586","00BGGK","Shadwell",NA,4734.34646836,962242.791358,740,0.000769036678312764
"586",587,"E05000587","00BGGL","Spitalfields and Banglatown",NA,3295.6271592,638429.315091,233,0.000364958178597482
"587",588,"E05000588","00BGGM","Weavers",NA,3589.70399999,778717.605504,845,0.00108511736992358
"588",589,"E05000589","00BGGN","Whitechapel",NA,4991.58347784,917815.182896,470,0.000512085666871821
"589",590,"E05000590","00BHFX","Cann Hall",NA,4827.56183247,857895.706936,1332,0.00155263628110408
"590",591,"E05000591","00BHFY","Cathall",NA,4960.69831345,1057120.9654,1593,0.00150692309786381
"591",592,"E05000592","00BHFZ","Chapel End",NA,6374.53160455,1850152.21188,2406,0.00130043354516685
"592",593,"E05000593","00BHGA","Chingford Green",NA,9624.20737698,3726625.56363,1755,0.000470935426708093
"593",594,"E05000594","00BHGB","Endlebury",NA,6421.62631775,1949102.04045,3285,0.00168539149404179
"594",595,"E05000595","00BHGC","Forest",NA,7086.7517541,1986028.70858,1191,0.000599689216399669
"595",596,"E05000596","00BHGD","Grove Green",NA,3881.50824717,895819.847787,1402,0.00156504681544508
"596",597,"E05000597","00BHGE","Hale End and Highams Park",NA,9304.48136111,2346900.06037,2289,0.000975329132517063
"597",598,"E05000598","00BHGF","Hatch Lane",NA,8830.15309611,2416241.66828,2938,0.00121593797447939
"598",599,"E05000599","00BHGG","High Street",NA,8771.97934647,3058900.59653,1648,0.000538755656807875
"599",600,"E05000600","00BHGH","Higham Hill",NA,8861.79974463,3221229.39211,1668,0.000517814721322767
"600",601,"E05000601","00BHGJ","Hoe Street",NA,5150.33675129,1100068.73588,1534,0.00139445831879179
"601",602,"E05000602","00BHGK","Larkswood",NA,7085.76034126,2065718.37284,5701,0.00275981473317497
"602",603,"E05000603","00BHGL","Lea Bridge",NA,8054.63267896,2646848.60824,2461,0.000929784949668041
"603",604,"E05000604","00BHGM","Leyton",NA,7009.82842368,2032197.19529,2746,0.0013512468210963
"604",605,"E05000605","00BHGN","Leytonstone",NA,5624.62308745,1305898.90003,1477,0.00113102170463366
"605",606,"E05000606","00BHGP","Markhouse",NA,6104.07810269,1457078.57505,2168,0.00148790877658404
"606",607,"E05000607","00BHGQ","Valley",NA,6585.52113136,1984828.16736,1900,0.000957261707203711
"607",608,"E05000608","00BHGR","William Morris",NA,6358.80881627,999176.183854,1484,0.00148522355112919
"608",609,"E05000609","00BHGS","Wood Street",NA,6355.14911977,1850130.70069,1810,0.000978309261779931
"609",610,"E05000610","00BJFZ","Balham",NA,6266.95129767,1215518.96759,18,1.48084896080182e-05
"610",611,"E05000611","00BJGA","Bedford",NA,6660.76520835,1807977.69691,20,1.1062083362019e-05
"611",612,"E05000612","00BJGB","Earlsfield",NA,7734.30266408,1405653.55907,0,0
"612",613,"E05000613","00BJGC","East Putney",NA,7390.11891798,1609290.94246,89,5.53038593901671e-05
"613",614,"E05000614","00BJGD","Fairfield",NA,7155.03055757,1455535.76886,219,0.000150460060608187
"614",615,"E05000615","00BJGE","Furzedown",NA,4976.61548688,1415271.87002,2,1.41315604609551e-06
"615",616,"E05000616","00BJGF","Graveney",NA,4441.69563317,1009499.46708,2,1.98117984724634e-06
"616",617,"E05000617","00BJGG","Latchmere",NA,5862.82120453,1084507.66666,53,4.88701017329452e-05
"617",618,"E05000618","00BJGH","Nightingale",NA,5308.62482352,1230489.3988,36,2.92566518940135e-05
"618",619,"E05000619","00BJGJ","Northcote",NA,7289.44873402,1679321.50954,24,1.42914860933376e-05
"619",620,"E05000620","00BJGK","Queenstown",NA,9113.81265214,3204850.79396,18,5.61648611968964e-06
"620",621,"E05000621","00BJGL","Roehampton and Putney Heath",NA,12614.4221096,4425249.72997,53,1.19767252096163e-05
"621",622,"E05000622","00BJGM","St Mary's Park",NA,6097.11028861,1396870.68626,42,3.00672069455522e-05
"622",623,"E05000623","00BJGN","Shaftesbury",NA,4240.84811204,947974.468854,23,2.4262256796559e-05
"623",624,"E05000624","00BJGP","Southfields",NA,5918.67195555,1519864.50893,1,6.57953386053481e-07
"624",625,"E05000625","00BJGQ","Thamesfield",NA,7314.28694834,1921892.42036,4,2.08128194773471e-06
"625",626,"E05000626","00BJGR","Tooting",NA,6545.27230077,1598969.37674,9,5.62862562029202e-06
"626",627,"E05000627","00BJGS","Wandsworth Common",NA,8735.66992664,2758928.54295,146,5.29190943970675e-05
"627",628,"E05000628","00BJGT","West Hill",NA,5385.9296087,1685329.39461,234,0.000138845261198422
"628",629,"E05000629","00BJGU","West Putney",NA,6673.2101478,1847169.04106,12,6.49642763234106e-06
"629",630,"E05000630","00BKGA","Abbey Road",NA,4692.32278058,1094909.49957,1023,0.000934323796070367
"630",631,"E05000631","00BKGB","Bayswater",NA,3780.96651044,518048.007035,507,0.000978673777552382
"631",632,"E05000632","00BKGC","Bryanston and Dorset Square",NA,4204.17983852,723462.225473,636,0.000879106023238437
"632",633,"E05000633","00BKGD","Churchill",NA,4178.60068975,609237.883373,538,0.000883070496237203
"633",634,"E05000634","00BKGE","Church Street",NA,3034.92349656,444180.751416,954,0.00214777429449801
"634",635,"E05000635","00BKGF","Harrow Road",NA,4218.2941148,495224.840473,698,0.00140946080033432
"635",636,"E05000636","00BKGG","Hyde Park",NA,4370.57712973,958602.766624,344,0.00035885563027302
"636",637,"E05000637","00BKGH","Knightsbridge and Belgravia",NA,10243.0118996,3593165.59918,460,0.000128020818217379
"637",638,"E05000638","00BKGJ","Lancaster Gate",NA,3652.13696934,630311.824881,546,0.000866237913433518
"638",639,"E05000639","00BKGK","Little Venice",NA,3820.57568931,635650.965212,924,0.0014536279350893
"639",640,"E05000640","00BKGL","Maida Vale",NA,3604.43614308,646325.653518,1456,0.00225273434849659
"640",641,"E05000641","00BKGM","Marylebone High Street",NA,4875.11630831,1001274.86261,979,0.00097775349861292
"641",642,"E05000642","00BKGN","Queen's Park",NA,3343.77021732,584410.000373,1331,0.00227751065030747
"642",643,"E05000643","00BKGP","Regent's Park",NA,7279.04442053,2255777.39942,877,0.000388779495806973
"643",644,"E05000644","00BKGQ","St James's",NA,9262.32441152,3467244.50891,1187,0.00034234678198894
"644",645,"E05000645","00BKGR","Tachbrook",NA,3070.29200656,443502.771254,469,0.00105749057367557
"645",646,"E05000646","00BKGS","Vincent Square",NA,4184.06160489,683583.051774,631,0.000923077303278665
"646",647,"E05000647","00BKGT","Warwick",NA,3369.56324278,573552.816011,440,0.000767148181849864
"647",648,"E05000648","00BKGU","Westbourne",NA,5004.04865231,676435.523056,1425,0.00210663093735375
"648",649,"E05000649","00BKGW","West End",NA,7088.45847555,1995155.5893,775,0.000388440883583792
